Run,Sex,age,genotype,Name
SRR1794273,female,2m,Q111,female_Q111_2m
SRR1794274,female,2m,Q111,female_Q111_2m
SRR1794275,female,2m,Q111,female_Q111_2m
SRR1794276,female,2m,Q111,female_Q111_2m
SRR1794277,male,2m,Q111,male_Q111_2m
SRR1794278,male,2m,Q111,male_Q111_2m
SRR1794279,male,2m,Q111,male_Q111_2m
SRR1794280,male,2m,Q111,male_Q111_2m
SRR1794281,female,6m,Q111,female_Q111_6m
SRR1794282,female,6m,Q111,female_Q111_6m
SRR1794283,female,6m,Q111,female_Q111_6m
SRR1794284,female,6m,Q111,female_Q111_6m
SRR1794285,male,6m,Q111,male_Q111_6m
SRR1794286,male,6m,Q111,male_Q111_6m
SRR1794287,male,6m,Q111,male_Q111_6m
SRR1794288,male,6m,Q111,male_Q111_6m
SRR1794289,female,10m,Q111,female_Q111_10m
SRR1794290,female,10m,Q111,female_Q111_10m
SRR1794291,female,10m,Q111,female_Q111_10m
SRR1794292,female,10m,Q111,female_Q111_10m
SRR1794293,male,10m,Q111,male_Q111_10m
SRR1794294,male,10m,Q111,male_Q111_10m
SRR1794295,male,10m,Q111,male_Q111_10m
SRR1794296,male,10m,Q111,male_Q111_10m
SRR1794297,female,2m,Q140,female_Q140_2m
SRR1794298,female,2m,Q140,female_Q140_2m
SRR1794299,female,2m,Q140,female_Q140_2m
SRR1794300,female,2m,Q140,female_Q140_2m
SRR1794301,male,2m,Q140,male_Q140_2m
SRR1794302,male,2m,Q140,male_Q140_2m
SRR1794303,male,2m,Q140,male_Q140_2m
SRR1794304,male,2m,Q140,male_Q140_2m
SRR1794305,female,6m,Q140,female_Q140_6m
SRR1794306,female,6m,Q140,female_Q140_6m
SRR1794307,female,6m,Q140,female_Q140_6m
SRR1794308,female,6m,Q140,female_Q140_6m
SRR1794309,male,6m,Q140,male_Q140_6m
SRR1794310,male,6m,Q140,male_Q140_6m
SRR1794311,male,6m,Q140,male_Q140_6m
SRR1794312,male,6m,Q140,male_Q140_6m
SRR1794313,female,10m,Q140,female_Q140_10m
SRR1794314,female,10m,Q140,female_Q140_10m
SRR1794315,female,10m,Q140,female_Q140_10m
SRR1794316,female,10m,Q140,female_Q140_10m
SRR1794317,male,10m,Q140,male_Q140_10m
SRR1794318,male,10m,Q140,male_Q140_10m
SRR1794319,male,10m,Q140,male_Q140_10m
SRR1794320,male,10m,Q140,male_Q140_10m
SRR1794321,female,2m,Q175,female_Q175_2m
SRR1794322,female,2m,Q175,female_Q175_2m
SRR1794323,female,2m,Q175,female_Q175_2m
SRR1794324,female,2m,Q175,female_Q175_2m
SRR1794325,male,2m,Q175,male_Q175_2m
SRR1794326,male,2m,Q175,male_Q175_2m
SRR1794327,male,2m,Q175,male_Q175_2m
SRR1794328,male,2m,Q175,male_Q175_2m
SRR1794329,female,6m,Q175,female_Q175_6m
SRR1794330,female,6m,Q175,female_Q175_6m
SRR1794331,female,6m,Q175,female_Q175_6m
SRR1794332,female,6m,Q175,female_Q175_6m
SRR1794333,male,6m,Q175,male_Q175_6m
SRR1794334,male,6m,Q175,male_Q175_6m
SRR1794335,male,6m,Q175,male_Q175_6m
SRR1794336,male,6m,Q175,male_Q175_6m
SRR1794337,female,10m,Q175,female_Q175_10m
SRR1794338,female,10m,Q175,female_Q175_10m
SRR1794339,female,10m,Q175,female_Q175_10m
SRR1794340,female,10m,Q175,female_Q175_10m
SRR1794341,male,10m,Q175,male_Q175_10m
SRR1794342,male,10m,Q175,male_Q175_10m
SRR1794343,male,10m,Q175,male_Q175_10m
SRR1794344,male,10m,Q175,male_Q175_10m
SRR1794345,female,2m,Q20,female_Q20_2m
SRR1794346,female,2m,Q20,female_Q20_2m
SRR1794347,female,2m,Q20,female_Q20_2m
SRR1794348,female,2m,Q20,female_Q20_2m
SRR1794349,male,2m,Q20,male_Q20_2m
SRR1794350,male,2m,Q20,male_Q20_2m
SRR1794351,male,2m,Q20,male_Q20_2m
SRR1794352,male,2m,Q20,male_Q20_2m
SRR1794353,female,6m,Q20,female_Q20_6m
SRR1794354,female,6m,Q20,female_Q20_6m
SRR1794355,female,6m,Q20,female_Q20_6m
SRR1794356,female,6m,Q20,female_Q20_6m
SRR1794357,male,6m,Q20,male_Q20_6m
SRR1794358,male,6m,Q20,male_Q20_6m
SRR1794359,male,6m,Q20,male_Q20_6m
SRR1794360,male,6m,Q20,male_Q20_6m
SRR1794361,female,10m,Q20,female_Q20_10m
SRR1794362,female,10m,Q20,female_Q20_10m
SRR1794363,female,10m,Q20,female_Q20_10m
SRR1794364,female,10m,Q20,female_Q20_10m
SRR1794365,male,10m,Q20,male_Q20_10m
SRR1794366,male,10m,Q20,male_Q20_10m
SRR1794367,male,10m,Q20,male_Q20_10m
SRR1794368,male,10m,Q20,male_Q20_10m
SRR1794369,female,2m,Q80,female_Q80_2m
SRR1794370,female,2m,Q80,female_Q80_2m
SRR1794371,female,2m,Q80,female_Q80_2m
SRR1794372,male,2m,Q80,male_Q80_2m
SRR1794373,male,2m,Q80,male_Q80_2m
SRR1794374,male,2m,Q80,male_Q80_2m
SRR1794375,male,2m,Q80,male_Q80_2m
SRR1794376,male,2m,Q80,male_Q80_2m
SRR1794377,female,6m,Q80,female_Q80_6m
SRR1794378,female,6m,Q80,female_Q80_6m
SRR1794379,female,6m,Q80,female_Q80_6m
SRR1794380,female,6m,Q80,female_Q80_6m
SRR1794381,male,6m,Q80,male_Q80_6m
SRR1794382,male,6m,Q80,male_Q80_6m
SRR1794383,male,6m,Q80,male_Q80_6m
SRR1794384,male,6m,Q80,male_Q80_6m
SRR1794385,female,10m,Q80,female_Q80_10m
SRR1794386,female,10m,Q80,female_Q80_10m
SRR1794387,female,10m,Q80,female_Q80_10m
SRR1794388,female,10m,Q80,female_Q80_10m
SRR1794389,male,10m,Q80,male_Q80_10m
SRR1794390,male,10m,Q80,male_Q80_10m
SRR1794391,male,10m,Q80,male_Q80_10m
SRR1794392,male,10m,Q80,male_Q80_10m
SRR1794393,female,2m,Q92,female_Q92_2m
SRR1794394,female,2m,Q92,female_Q92_2m
SRR1794395,female,2m,Q92,female_Q92_2m
SRR1794396,female,2m,Q92,female_Q92_2m
SRR1794397,male,2m,Q92,male_Q92_2m
SRR1794398,male,2m,Q92,male_Q92_2m
SRR1794399,male,2m,Q92,male_Q92_2m
SRR1794400,male,2m,Q92,male_Q92_2m
SRR1794401,female,6m,Q92,female_Q92_6m
SRR1794402,female,6m,Q92,female_Q92_6m
SRR1794403,female,6m,Q92,female_Q92_6m
SRR1794404,female,6m,Q92,female_Q92_6m
SRR1794405,male,6m,Q92,male_Q92_6m
SRR1794406,male,6m,Q92,male_Q92_6m
SRR1794407,male,6m,Q92,male_Q92_6m
SRR1794408,male,6m,Q92,male_Q92_6m
SRR1794409,female,10m,Q92,female_Q92_10m
SRR1794410,female,10m,Q92,female_Q92_10m
SRR1794411,female,10m,Q92,female_Q92_10m
SRR1794412,female,10m,Q92,female_Q92_10m
SRR1794413,male,10m,Q92,male_Q92_10m
SRR1794414,male,10m,Q92,male_Q92_10m
SRR1794415,male,10m,Q92,male_Q92_10m
SRR1794416,male,10m,Q92,male_Q92_10m
SRR1794417,female,2m,WT,female_WT_2m
SRR1794418,female,2m,WT,female_WT_2m
SRR1794419,female,2m,WT,female_WT_2m
SRR1794420,female,2m,WT,female_WT_2m
SRR1794421,male,2m,WT,male_WT_2m
SRR1794422,male,2m,WT,male_WT_2m
SRR1794423,male,2m,WT,male_WT_2m
SRR1794424,male,2m,WT,male_WT_2m
SRR1794425,female,6m,WT,female_WT_6m
SRR1794426,female,6m,WT,female_WT_6m
SRR1794427,female,6m,WT,female_WT_6m
SRR1794428,female,6m,WT,female_WT_6m
SRR1794429,male,6m,WT,male_WT_6m
SRR1794430,male,6m,WT,male_WT_6m
SRR1794431,male,6m,WT,male_WT_6m
SRR1794432,male,6m,WT,male_WT_6m
SRR1794433,female,10m,WT,female_WT_10m
SRR1794434,female,10m,WT,female_WT_10m
SRR1794435,female,10m,WT,female_WT_10m
SRR1794436,female,10m,WT,female_WT_10m
SRR1794437,male,10m,WT,male_WT_10m
SRR1794438,male,10m,WT,male_WT_10m
SRR1794439,male,10m,WT,male_WT_10m
SRR1794440,male,10m,WT,male_WT_10m
